"","V1","V2","V3","V4","V5","V6"
"1",16.9917186723019,1199.20711319079,6.2,0.2,0,39.7426464186387
"2",18.6181949271112,247.962830785172,7.5,0,0,48.3339061738268
"3",17.8757497798516,1151.71342407716,8.3,0.1,0,43.8735159968983
"4",16.4966973103445,2442.11279626426,6.8,0.2,0.1,36.970401783298
"5",15.9741571573967,1744.68920542904,6.7,0.2,0,38.6119350185651
"6",17.5755351706404,1207.20849817326,8.3,0.1,0.1,41.9953598519774
"7",17.0953878361203,1058.45940965965,7,0.1,0,39.0911857247978
"8",17.5956388698833,523.33062060753,7.9,0.1,0,40.1393631975689
"9",18.2848679627482,1475.09340920392,7.5,0.2,0.1,46.245424277558
"10",18.8757239893494,248.678397757637,7.2,0,0,48.4929385815133
"11",17.5750363994014,204.348392058213,5.8,0,0,41.2576725417207
"12",18.147013796267,267.107786988535,8.4,0,0,41.8710243590728
"13",18.0756396852107,1260.40704757547,7.8,0.1,0,44.7893823155174
"14",14.4887089976053,4982.31070711962,2.9,0.5,0.2,30.1565599669017
"15",17.4488574055839,735.662018550601,8,0.1,0.1,40.7746288855171
"16",14.9764054482114,3295.87155797773,6.5,0.3,0,33.0111315496709
"17",15.3564371365186,201.016366862785,6.1,0,0,32.9739422124677
"18",17.5974728491067,263.284749073083,7.8,0,0,41.0124833310671
"19",16.3127840514298,1567.3890151342,7.7,0.2,0,38.2047870794052
"20",17.8450813334865,226.886429120587,6.7,0,0,44.1127129443602
"21",18.3999213959265,272.803297263257,7.8,0,0,43.7034325318021
"22",16.2192672666483,452.831617079883,6.1,0.1,0,35.6714178398304
"23",18.9137665664535,248.441849273531,7.1,0,0,50.2544458858821
"24",16.1553435772176,5489.43083552843,5.7,0.3,0.2,38.6263130691038
"25",17.4642996724334,1369.36086888982,6.5,0.2,0.1,42.3103535266305
"26",18.138420743181,454.768461170954,7.1,0.1,0,42.4355205598354
"27",18.1063293251466,249.681605177195,7.4,0,0,43.9728875457556
"28",18.2545320555841,1053.92292738024,7.6,0.1,0.1,44.7278657189345
"29",16.4830023327372,470.705669542462,7,0.1,0,35.3343387336218
"30",15.7552652170321,2627.0785407207,7,0.2,0.1,36.2598363950488
"31",18.3530082982039,257.403268480975,7.6,0,0,43.1933612133401
"32",17.0860337441391,867.311825346983,8,0.2,0,37.6068638123389
"33",18.4860226164103,315.751990769445,6.3,0.1,0,48.0417845485863
"34",15.969293631589,1342.63545796029,3.8,0.1,0,38.2326224107447
"35",15.794936872053,2145.41755640157,6.6,0.2,0.1,37.893603625552
"36",17.4179144332333,351.809691837231,7,0.1,0,42.3966929587702
"37",17.7584925358378,989.175698098279,8.5,0.2,0.1,43.4898240999295
"38",17.7485227803896,1158.26908653811,4.7,0.2,0.1,41.7225689674596
"39",17.4103398115402,266.921882228224,8.5,0,0,42.7144362542787
"40",17.2360073008009,750.939761599948,8.5,0.1,0.1,39.6873271842659
"41",17.3669510976584,238.172428467116,6.9,0,0,40.3722916860836
"42",18.4635986377161,336.631316163894,9.6,0,0,46.0880167511816
"43",15.5325246917259,1825.49287066663,7.3,0.3,0.1,34.1600580923456
"44",17.749329386006,186.697093227906,5.5,0,0,42.5920208508665
"45",16.2064622545513,1907.27672004352,6.6,0.4,0.3,37.1898444372439
"46",18.2672426362159,926.631331862246,7,0.3,0,43.4297527103533
"47",18.0266929982418,509.803131628319,8.1,0.1,0,42.3869554497905
"48",17.801373859296,1353.78589242881,7.3,0.2,0.1,44.3740558823535
"49",17.8745155854065,811.747073873373,7.8,0.2,0.1,43.0582100559264
"50",18.0427654748464,2609.63543292982,7.1,0.1,0.1,43.0941188216285
"51",16.5714995679003,1038.86361483059,6.8,0.1,0.1,38.0453399056772
"52",16.5308190727377,243.542190115749,7.5,0,0,38.9305048288717
"53",18.5205866170995,278.006232409418,8,0,0,47.5809186680246
"54",17.3835128417536,1790.54457631309,7.5,0.1,0.1,40.6642823446137
"55",16.7518457188814,791.674005746026,7.1,0.2,0.1,38.5721406810423
"56",17.1645772249168,1101.23991923285,6.6,0.1,0,40.4330432713761
"57",18.0733588384274,1476.04995450034,7.7,0.1,0,47.2971805086062
"58",17.5312939733707,1304.6938809583,6.3,0.1,0,41.6139910381681
"59",17.0597758555875,664.428353894544,6.3,0.1,0.1,37.5292916757962
"60",17.5664202978321,1684.41027193695,7.8,0.1,0,42.7836168716422
"61",16.3047387580534,1879.44667714804,6.6,0.2,0.2,36.1971610321813
"62",18.0841243344367,528.694366601188,9.2,0.1,0,42.4055224964219
"63",18.3860178894434,299.470422627534,8.2,0,0,43.3630353436142
"64",17.7599794102338,978.604361943483,6.7,0.1,0,44.1306616916364
"65",17.7892938434688,283.036225386131,8.1,0,0,42.4517849029081
"66",16.8586992999003,404.92127382834,6.8,0.1,0,39.3702118775055
"67",18.5599581887651,245.330218782951,6.6,0,0,46.3732122938877
"68",18.4292100773806,197.394297091631,5.5,0,0,43.4969344998412
"69",14.8861722890121,3881.75441720283,5.6,0.3,0.2,32.7087209543706
"70",16.6251032874156,308.808322137069,8.9,0,0,35.326262698167
"71",17.4065172433379,270.612907467959,8.2,0,0,39.9372572548122
"72",18.4458128798315,901.270021309366,6.6,0.3,0,45.9464720896611
"73",18.9333424771027,221.052461264633,6.2,0,0,47.1709095002658
"74",16.322656473524,2719.77717316246,6.9,0.3,0,40.0392691917358
"75",18.7442961833942,1042.55520008893,7.1,0.2,0,48.8791800940374
"76",16.0780054131216,1968.14897802671,6.5,0.3,0.1,34.5953427317585
"77",18.1729435173626,2177.19845134357,8.4,0.2,0.1,45.6236101252142
"78",17.0669564586753,1204.18437518219,5.6,0.2,0.1,42.7581314607349
"79",19.154558504541,289.251351838498,9,0,0,48.4748028252206
"80",17.5386396980085,740.220093990451,8.2,0.2,0,39.1586253202224
"81",18.0102349831142,688.508314397197,8.9,0.1,0.1,44.4535580066129
"82",17.7359788695415,202.273244465986,6.1,0,0,42.6472633300581
"83",18.1479463686286,470.817742879777,8.4,0.1,0,43.0678947472086
"84",15.780505760436,1184.39807910384,6.5,0.1,0.1,35.3230716397687
"85",16.199106288181,2356.66687894527,6.6,0.2,0,37.5131659794612
"86",18.7612386887699,1102.54632583706,8.1,0.1,0,48.7500594144081
"87",15.9275676704956,1391.6907584553,7.5,0.2,0.1,34.6981510464703
"88",16.2299926546238,1728.18222306851,6.5,0.2,0,37.3356013773286
"89",17.6194436269662,708.314843233226,6.5,0.1,0.1,43.1035143105489
"90",19.2367183111411,302.289365726629,8.5,0,0,50.3992131697767
"91",17.6627265353654,1024.1246490944,7.4,0.1,0,42.4267741074574
"92",17.7126622894412,533.809689639626,8.7,0.1,0,40.3672432556056
"93",16.7348275108426,2693.37777633723,8.3,0.4,0.2,38.6662136541648
"94",16.9486306940621,3450.23402809808,6.2,0.2,0.2,39.1667738206052
"95",17.6786780907741,294.235808047835,8.9,0,0,41.5703078752692
"96",18.0016434345837,950.016932428174,6.5,0.1,0,43.7045616323295
"97",18.4420085136254,720.386069706059,6.6,0.1,0.1,45.9007613793442
"98",17.6376971321008,1007.15108148177,6.8,0.1,0,40.4917015846654
"99",19.1817082529672,290.029371289339,8.7,0,0,49.522482511445
"100",17.1413118547971,1207.66011556369,8.3,0.1,0.1,38.5197414827289
"101",17.3294602456919,2318.5789732308,6.5,0.2,0,40.7492198413778
"102",17.4636207725535,260.118561100559,7.2,0,0,41.6397948566891
"103",17.6204602960619,275.613436853491,7.3,0,0,43.3088791028047
"104",19.4952770724386,287.734867645339,8.6,0,0,51.0050130621695
"105",17.2239334040928,1411.1589526503,6.7,0.1,0.1,41.6013749113153
"106",14.623127665719,2548.26429308723,6.1,0.3,0,30.3882507598025
"107",16.4820228063693,683.656161052197,7.7,0.1,0.1,37.1579919106105
"108",18.5397104800881,539.091436104909,6.7,0.1,0,45.2072533684546
"109",13.4494009612992,3055.99331660914,6.1,0.2,0,28.717169778754
"110",18.7685269632289,290.15696225214,8.4,0,0,47.5259040649287
"111",15.8375093456357,2497.67436115077,6.8,0.3,0,33.9873675604937
"112",16.4644623136389,542.901390991609,8.7,0.1,0,35.8016530037794
"113",16.6829069564807,3221.0188732308,6,0.4,0.1,42.8613984272548
"114",17.9446671127008,270.183828495475,8.3,0,0,43.2903993576779
"115",16.1051207128792,2243.94602234214,6.2,0.2,0.1,34.9560396772183
"116",18.7560555619938,250.637226606704,7.2,0,0,46.9751950283976
"117",16.6992326581733,231.882115113557,6.6,0,0,36.9652007835638
"118",17.4301424834652,1072.2228902863,7,0.1,0,40.6765334638384
"119",16.257892962478,1420.03125847287,6.3,0.1,0,36.5252941166425
"120",17.6597438372481,1133.44642581406,6.4,0.2,0.1,41.7190099201941
"121",16.4034591286426,2297.99436660294,7,0.2,0,38.8045641102809
"122",18.4935500692235,464.636337090915,5.8,0.1,0,48.6477726553407
"123",17.9809770334502,1306.96362563298,7,0.1,0.1,43.1818858732706
"124",17.4980080781969,587.654658675862,8.3,0.1,0,40.3334028243192
"125",18.1355831564025,666.158852338281,8.1,0.1,0,42.9309391384535
"126",17.6073077445104,1411.55559280026,5.9,0.2,0,41.5732208314023
"127",18.4212595048594,436.924092910089,7.8,0.1,0,45.4249319306404
"128",17.9655163058009,251.172661856212,7.4,0,0,43.8688526502691
"129",17.002866944566,1685.58329447923,6.1,0.2,0,41.7084435991118
"130",17.4791509777159,181.931592455768,5.1,0,0,40.0128844854843
"131",17.719550702419,206.677384171059,5.6,0,0,41.2819335176538
"132",18.7556747584682,461.399248740723,5.9,0.1,0,46.4435953334606
"133",17.8618272315863,1554.64797075387,8.7,0.2,0.1,41.9553634607671
"134",16.874703060402,771.432432197083,7.6,0.1,0.1,42.5207965979481
"135",16.4462888752011,2103.46586910332,8,0.3,0.1,35.4769165228706
"136",17.5554966916038,279.055117773936,8.5,0,0,39.3840193800909
"137",17.3454661618162,356.561380738972,5.1,0.1,0,41.5611699987924
"138",16.1039370341532,2399.44577149125,5.6,0.2,0,36.8194229799989
"139",17.7184898381157,659.881046281954,6.4,0.1,0.1,41.3957659508271
"140",18.4402005933421,452.366983102884,8,0.1,0,45.7669963058673
"141",18.6436434350396,256.206704124022,7.1,0,0,45.9520803680036
"142",16.9814234257484,2105.39277583282,6.3,0.2,0,40.1858630346913
"143",15.4768506469309,242.58733291207,6.3,0,0,35.833318719016
"144",18.4469662221462,220.979889537462,6.5,0,0,44.6769144004315
"145",16.8771785288746,237.767930991248,6.3,0,0,40.9359218269197
"146",17.1058996065006,530.929320022961,7.1,0.1,0,38.6726735595103
"147",17.4640684050291,726.840919076924,8.2,0.1,0.1,41.7714403554312
"148",17.6139041365099,242.278491114321,6.9,0,0,41.5483605187566
"149",15.4036079264069,3507.13213983628,4.9,0.2,0,37.1255856988866
"150",17.7845962552289,208.139769735487,5.9,0,0,44.9327852169392
"151",17.6408276897966,723.619056660525,7.1,0.2,0,40.6198880597907
"152",17.0694124361921,337.892689513032,4.9,0.1,0,39.4495302590938
"153",16.6759511726776,1755.45608459189,7.4,0.1,0,40.1913627151804
"154",16.9715988923697,1540.05831511664,7,0.2,0.1,38.0972433403084
"155",17.1706279003297,1262.44855803368,8.1,0.3,0,39.6267178877728
"156",17.2124144812958,648.03184893004,6.2,0.2,0,43.0166265650344
"157",19.0130648766417,308.617047520027,9.2,0,0,48.3732739458405
"158",17.5019910837483,259.128931156261,8,0,0,38.7214622740552
"159",16.787662629042,2598.85832760245,6,0.3,0.1,38.8008282478582
"160",15.429981265614,2525.55923702322,4.6,0.4,0,35.4077568893343
"161",19.0456474991288,425.555747074988,7.2,0.1,0,47.659111094084
"162",16.143098108713,255.273797324875,7.6,0,0,35.1060214105657
"163",17.7547771491427,287.062657644378,8.1,0,0,42.1735866993632
"164",16.4379891004004,579.355499936405,7.7,0.2,0,36.2378803202974
"165",18.0819379310487,1097.37817178974,7.2,0.2,0,43.6020993346482
"166",16.7484751460004,1976.53781589863,6.9,0.1,0.1,37.2367984926336
"167",18.8842514244758,210.894205807185,6.6,0,0,46.7664441140161
"168",18.5138329750713,566.120268206826,8.3,0.1,0,45.5560325483095
"169",17.4433678307581,258.126690411325,7.9,0,0,43.5026481955569
"170",18.968858813088,281.213651417004,8.1,0,0,48.1969025169324
"171",17.4401085940772,2260.56985055703,7.3,0.2,0.2,41.655683470907
"172",18.6038091298159,416.182161010449,8.1,0.1,0,47.1537811061643
"173",17.7407201838637,798.547150444387,7.4,0.2,0,42.2719208987881
"174",17.5254463691546,415.225951686762,7.6,0.1,0,40.4621406731716
"175",17.8590490905347,2226.91297160061,6.9,0.2,0.2,44.3604945448126
"176",17.8648213064345,259.572192953332,7.9,0,0,41.5544239927844
"177",16.1790102947345,1301.11983629284,6.8,0.1,0,36.9766670432691
"178",18.4950261433262,782.656345963527,8.2,0.2,0,45.3834807921862
"179",16.0229253348019,2693.13649209667,6.5,0.2,0.2,35.8006239415401
"180",14.5311585134753,2690.61209496327,5.9,0.2,0,33.9052142264959
"181",17.3301238845537,259.179224443767,7.9,0,0,43.7777070657929
"182",18.9315907230145,705.734236866317,8.7,0.1,0,48.2772690124168
"183",18.1386505573489,1175.47851343317,8,0.2,0,45.0594002436484
"184",16.8136250617363,2593.50220843953,6.6,0.2,0.1,41.0692535446327
"185",16.5139069143317,3048.97038420025,6.7,0.4,0.1,38.9924950403037
"186",18.2591126904114,275.390815973487,8.3,0,0,43.6658589105227
"187",17.3550890302004,1449.55786804776,7.3,0.3,0.1,39.2536305628492
"188",17.8152951563843,229.677153206417,6.9,0,0,43.2097046875841
"189",17.7951866355558,1471.75018370459,7.2,0.3,0,44.2388008927221
"190",18.631531567917,237.829852792065,6.8,0,0,46.3753885751639
"191",15.9155999774718,2206.43458617557,6.7,0.3,0,36.7779232718155
"192",16.6973660093487,515.856271678331,7.1,0.1,0,36.8423630212055
"193",17.707421345776,492.346615877781,6.4,0.1,0,42.5484497559967
"194",19.0297782909069,242.40248645773,6.4,0,0,47.8786428640671
"195",18.4506113254897,442.758285339774,8.5,0.1,0,45.8366395147914
"196",16.9963800061863,3397.87027841624,6.7,0.3,0.2,39.3521104162163
"197",18.5386809398079,505.454854171131,7.6,0.1,0,45.8003686141943
"198",16.342065726943,2510.14536180521,7.2,0.3,0.2,36.9945869269526
"199",16.8774291660444,264.897315186082,7.6,0,0,37.9490960774068
"200",16.8648536979043,3111.19226161333,7,0.2,0.1,39.224903487992
"201",18.3903732089739,462.945924332342,8,0.1,0,45.7644197627138
"202",18.8124473474067,592.418369859476,7.5,0.2,0,45.9330595789905
"203",18.4782574588473,252.535800513817,7.8,0,0,45.0807090164612
"204",15.7499849250192,1678.44376410625,6.7,0.1,0,34.895131522906
"205",18.0354653700446,272.490211909255,7.8,0,0,43.057485537796
"206",15.0919800583763,1528.95818779612,5.2,0.3,0,35.7855766169774
"207",15.4217652031284,2064.97249136037,6.8,0.2,0,34.7148873256477
"208",19.1959349533049,494.517066812238,7.9,0.1,0,49.8952728522224
"209",17.859444014249,234.874600947489,6.8,0,0,42.7878410671473
"210",18.5884434640344,773.61948426586,8.1,0.1,0.1,47.4332790280492
"211",18.2209048612366,492.45351501507,8.3,0.1,0,42.7706316354753
"212",18.0054673539233,2663.89010913186,7.7,0.2,0.1,42.4305315723259
"213",17.6684375241391,1028.50523891711,8.1,0.3,0.1,43.5529912652226
"214",18.2358936727647,1445.31194780496,7.9,0.3,0,46.7479782596298
"215",16.5401902839998,241.66205993454,7.2,0,0,34.7909482724213
"216",16.8750294104189,2485.66205503911,6.7,0.4,0,39.5923827604404
"217",18.7267453009819,292.808164750331,9.1,0,0,46.4793539158225
"218",15.3522632073164,394.752997639086,6.6,0.1,0,33.8980923713236
"219",16.224751058259,1424.39535563863,6.4,0.1,0,37.4753470027074
"220",18.5926590248278,918.273685475858,6.7,0.1,0,48.8743159287355
"221",18.593926894158,245.400913418677,6.2,0,0,46.6129824342384
"222",17.7074853403522,953.738354576998,8.7,0.1,0,40.4854467334812
"223",18.6935060746882,358.15678122497,7.2,0.1,0,45.2403611023336
"224",16.0752019677173,1462.84435812366,7.3,0.1,0,36.0737058437511
"225",17.8944941515378,1371.8340255402,7.8,0.1,0,46.1597762817777
"226",17.703471271188,1119.53402948501,6.8,0.1,0,41.7086344188354
"227",18.1282880137762,1646.07629022948,7.2,0.1,0.1,43.4233714176362
"228",18.7889293818458,417.025168334128,8.7,0.1,0,46.6413078291009
"229",17.6771060784767,1408.42154731858,6.9,0.2,0.1,41.8278549525998
"230",17.5005333103917,3006.32478185158,7,0.4,0.2,40.9742855800452
"231",18.6257030859014,268.450514205807,7.6,0,0,47.0685991728654
"232",16.9206556733163,3646.03602734635,6.7,0.3,0.2,37.6826031783681
"233",19.4818886400306,435.64504121132,8,0.1,0,51.5003712100782
"234",17.4613387512558,502.685075998274,5.8,0.2,0,42.8331475387396
"235",16.8222309142931,206.203483021722,6.2,0,0,37.4989963172955
"236",17.6002517378669,1372.65958822636,6.1,0.2,0,41.9168750223585
"237",18.4742730733207,278.166913497334,8.3,0,0,45.379651583177
"238",16.8341418189107,972.279303492698,7,0.2,0.1,39.5653706076986
"239",16.0234719111746,1604.59568755711,7.5,0.1,0,37.8239998601376
"240",15.3430757259058,2813.040931896,5.1,0.3,0.1,35.6388003382361
"241",18.5012913515329,275.427724961069,8.3,0,0,44.5224344548494
"242",17.5125838734854,1571.37814484173,6.2,0.2,0.1,41.2874822243777
"243",17.7677555033427,1267.405188733,8.1,0.1,0,43.5356497984248
"244",16.4582696290278,227.031953275457,7.1,0,0,40.1692273697427
"245",19.3495827053176,291.642006136341,9,0,0,51.4231861465187
"246",16.8754148471226,402.398954067119,7,0.1,0,36.6010620783585
"247",16.39468600635,1338.0081590642,8.3,0.1,0,36.3967554685733
"248",16.3392286704272,4962.49716876996,6.4,0.4,0.3,38.0041176190035
"249",18.5393955418013,295.053363992565,8.3,0,0,46.4740427087234
"250",14.5154811418466,2238.60351488612,6.6,0.2,0.1,32.6047189386255
"251",16.8037190691932,517.363933721408,5.1,0.1,0,38.6148227938251
"252",15.2827676264982,3475.68230879305,5.9,0.3,0.1,35.0061793869401
"253",18.9003368591646,290.749428563792,8.1,0,0,48.1150860920324
"254",17.2125917052799,227.066803001917,6.5,0,0,40.5384646562388
"255",17.7828577705616,1218.24665413231,6.7,0.1,0,41.8133654023682
"256",17.8209832642072,242.801218919825,7.3,0,0,44.4981262730222
"257",19.3123756198937,200.508010201733,5.8,0,0,50.235105008062
"258",18.5374361223872,410.500333739701,8.2,0.1,0,45.2612525458572
"259",18.5707620011612,205.245272900198,5.4,0,0,44.6494356429019
"260",16.8381960602877,186.985499733679,5.9,0,0,39.0409039869885
"261",16.1108908492607,1394.77119332,7.4,0.1,0,36.1877172290961
"262",18.645428804813,549.139739077177,8.9,0.1,0,45.8402698596841
"263",16.2961405656859,2389.1822793773,4.2,0.2,0,39.7135291047999
"264",16.8134681123026,2631.44228308448,6.8,0.4,0.1,38.5354038214586
"265",18.7586038926555,1284.36250973689,7.9,0.2,0,50.9322099067763
"266",18.4601129471975,261.064269847673,8.4,0,0,46.7749957508192
"267",17.0925177378192,823.536856035238,8,0.1,0.1,39.1744517453022
"268",18.207898632413,243.502702262943,6.9,0,0,44.1116137972458
"269",18.387755547301,265.032942414812,7.8,0,0,45.3689083076895
"270",15.3917657437547,1396.28566252311,6.2,0.2,0,35.3512678850045
"271",17.539351230101,496.991173162943,6,0.1,0,39.9509328633206
"272",17.2768683718775,1288.37657298491,7.6,0.1,0,41.9186801093618
"273",19.5710902544002,405.976474135744,7,0.1,0,52.1033371434239
"274",17.8476552173598,1380.28076038249,7.6,0.2,0,43.602073615045
"275",16.9717527591307,1146.47443807147,6.9,0.1,0,39.7804499275637
"276",17.4753773646592,1400.08596715678,7.4,0.2,0.1,40.6629140575095
"277",16.5755060926677,3174.70406645623,7.6,0.2,0.1,40.1634245287148
"278",17.8362536352281,511.97477212922,7.7,0.1,0,42.6211600073415
"279",18.6846307097497,982.481752396351,8.9,0.1,0,48.4087901523426
"280",17.6801591606085,1396.33346909988,7.7,0.1,0,44.7217991861062
"281",16.7650328561307,208.986763452255,5.9,0,0,38.957945442186
"282",18.4037115630391,1776.35983550061,8.1,0.2,0.1,45.1757675869671
"283",18.3711287966471,275.172068241331,7.2,0,0,45.2360961046638
"284",17.0361551386412,2136.20454511996,6.3,0.2,0.2,39.0083713677588
"285",17.1739167878696,675.383185379788,6.3,0.1,0,41.119837468158
"286",18.6071214281947,208.326221672724,6,0,0,46.3975115675814
"287",18.2011667672337,419.363609502631,7.9,0.1,0,44.2950815829388
"288",15.9091702541931,3179.71560443856,7.2,0.3,0.3,37.004637005962
"289",16.0506124938149,2796.918838751,7.2,0.2,0.1,40.2306713778576
"290",18.0150945608231,296.656368378932,8.9,0,0,42.1110021625318
"291",18.5011189557615,381.004825216903,7.8,0.1,0,45.8040917602207
"292",17.0910764513427,480.279961607625,7,0.1,0,41.0790686194613
"293",16.8391580494771,1734.71038452298,6.7,0.1,0.1,38.2418043328414
"294",15.6770530141565,2493.38015959188,5.5,0.2,0.2,34.9509793712332
"295",15.8290729666306,1061.97180879759,5,0.1,0,38.7981273770833
"296",16.3720341566601,1325.1341160498,5.1,0.2,0.1,39.4674363340803
"297",16.2669161303591,2794.799371042,5.6,0.3,0.1,39.7133922769095
"298",16.1043910068283,1074.7422389037,5.3,0.1,0,39.0337281644667
"299",17.1404714568856,1423.20709457852,6.1,0.1,0,42.7282765025642
"300",16.6852397294651,519.277789345482,6.8,0.1,0,35.2107038563545
"301",18.1626987450524,573.82748168221,8.2,0.2,0,42.0264000463109
"302",18.9846562163077,276.981819847034,8.2,0,0,48.6454631884283
"303",15.2142449157981,3004.78847423975,5.9,0.3,0.1,30.8661218241349
"304",16.7797124164691,1399.52825590965,5,0.2,0,40.7632341660317
"305",17.9181582015251,322.095632580338,9.3,0,0,40.7386141839015
"306",16.2177298970784,2870.67714722684,7.5,0.2,0.2,38.0872888408454
"307",16.9876042945947,2330.33425842002,6.3,0.3,0.1,38.8962413391665
"308",16.4776845538216,1442.45412876922,5.5,0.1,0,37.3121940399917
"309",16.7361543420968,1827.87958718714,7.6,0.3,0,37.5469231919422
"310",17.0531209824264,714.673294773729,7.8,0.1,0,39.5236938719979
"311",18.3362303121702,190.931646384199,5.5,0,0,45.7762481378447
"312",16.8048696100795,1572.83477296268,7.4,0.1,0,39.9856691030167
"313",18.058589320805,1385.29795126124,6.1,0.2,0,44.5215529981729
"314",18.6988035515811,1031.36351625556,7.2,0.1,0.1,47.8321578889576
"315",19.0644258531533,562.807216825084,7.8,0.1,0,49.5671700803934
"316",18.3754669048757,482.386431349715,9.3,0.1,0,43.710295940093
"317",18.2676225123054,263.020713593054,8,0,0,42.7684400361631
"318",18.0128786718003,710.970840293369,6.4,0.2,0,43.1765373781227
"319",15.6754290311067,2154.29377463045,6.1,0.2,0.1,38.1955664176948
"320",18.6101473142127,1080.69499662784,6.1,0.1,0.1,46.5354574427162
"321",17.633599929491,556.057288763014,7.2,0.1,0,40.9345783049812
"322",16.3723777962963,2387.65062566771,6.4,0.2,0.1,38.9640740455668
"323",18.1918109133886,282.579098601779,8.5,0,0,43.2878798747735
"324",18.9758409919294,247.233958101592,6.7,0,0,49.0174434852201
"325",18.2984916296046,679.082396535877,7,0.1,0,44.2240520497735
"326",16.2416374598588,2786.20458269313,6.5,0.3,0.1,39.3357329107775
"327",19.0962528806324,383.034499765042,6.7,0.1,0,49.8595159391559
"328",18.0884610406326,255.486209120143,7.4,0,0,44.6750828756737
"329",17.9009447038783,468.126958911597,6.8,0.1,0,41.6019298748194
"330",14.7043371776988,2798.48168592297,6.4,0.3,0.1,32.230862385244
"331",16.6004039353853,564.426008027104,6.2,0.1,0,39.697823730158
"332",18.1333998307213,238.582465488448,7.1,0,0,46.2567693049967
"333",17.5605008208128,2027.3352840975,8,0.3,0.2,43.9595277795559
"334",18.0063437177283,289.179979606114,8.3,0,0,41.3932963917714
"335",17.1707584244387,1543.77603072688,5.4,0.3,0.2,41.3110931075569
"336",17.4275460539491,275.497048487202,7.7,0,0,40.5865947824911
"337",17.8261821295018,228.589127053295,7,0,0,41.1937797956251
"338",15.6663512363396,1586.82426779698,6.9,0.2,0,35.3622426966285
"339",17.8349459799613,571.332574411601,6.2,0.1,0,44.063077546548
"340",16.551000146898,1112.00567655278,6.9,0.2,0,38.8809526421313
"341",16.418538451641,1483.69165263033,6.8,0.1,0.1,38.869292597538
"342",15.3192749929538,3020.21437406306,5.8,0.2,0,35.3552594776774
"343",18.197039255379,233.112259503112,6.5,0,0,43.8130335333717
"344",17.3267762709019,273.620964597529,7.9,0,0,40.2385503603915
"345",17.7702750403963,1246.22513801427,8.2,0.3,0,40.6680975204835
"346",18.1371375663597,1123.25044751814,6.9,0.2,0.1,43.6799139425813
"347",17.9705027170684,1394.12713589191,6.7,0.2,0.1,44.2227032385021
"348",15.5476825143602,1193.00266631492,5.9,0.1,0,36.2881418321804
"349",18.7820598643469,2760.51859944091,7.6,0.1,0.1,46.3073941515811
"350",17.7340961587676,1404.97938648164,7.3,0.3,0,43.8941318332935
"351",17.2422962126189,1707.33298960327,7,0.1,0.1,40.4100835150915
"352",17.1646117736128,991.105927381591,5.4,0.1,0.1,40.3690271864017
"353",18.3730547350356,524.162550067222,8.7,0.1,0,46.0445502906296
"354",16.5411414614248,2028.39722935865,6.6,0.3,0.2,37.3826256298022
"355",16.9420106802363,1184.8511631053,6.8,0.3,0,38.3296916583532
"356",17.3069021311155,1350.60267416135,7.1,0.2,0.1,40.2779277600988
"357",16.8534437131801,1143.71057818207,6.2,0.1,0.1,37.5871340224758
"358",17.699860131223,1341.56705363995,8.2,0.3,0,43.5412935674444
"359",17.8850961409397,1248.02056624686,7.1,0.2,0.1,44.1876564880741
"360",18.9819529205549,249.648977058598,7.5,0,0,47.9616424219759
"361",17.9781862036167,997.047258474147,8.2,0.1,0.1,43.7315816263213
"362",17.3861337708922,814.425943278824,7.9,0.2,0,39.7347855923296
"363",18.0986649408602,539.850474937283,7.7,0.1,0,42.622781516334
"364",18.1151797504433,386.267866449518,7.7,0.1,0,45.3281606768846
"365",18.6607345357131,244.986675254796,7.1,0,0,45.6092028974632
"366",18.4521423703782,263.884176061839,7.5,0,0,45.8153535806345
"367",18.5832277358303,273.115794377542,8.3,0,0,47.8314899297272
"368",18.2811442423894,1426.76545131314,8.2,0.2,0.1,45.2479698194821
"369",17.9136597948988,225.524008727441,6.2,0,0,41.2723346917144
"370",17.0940352272991,2034.5807116334,7.6,0.1,0.1,39.7766872354383
"371",18.0885535077971,561.010584915953,7.5,0.1,0,44.1941002059483
"372",17.4420958544164,1951.64903887678,4.8,0.2,0,42.5182177165704
"373",16.8784099543357,1600.85602098215,6,0.1,0.1,37.3191247893689
"374",17.5377327179267,1563.50565889311,8.1,0.2,0.1,42.1052441057629
"375",17.0053314348021,2807.41569539936,7.2,0.3,0,43.376785420393
"376",16.6922904314932,2841.50188158165,7,0.3,0.1,39.1772577973364
"377",19.1133677248515,285.77609513387,8.2,0,0,49.4254610436467
"378",18.6106499908704,1113.95389416265,8.8,0.1,0.1,47.5817698588437
"379",17.486251338458,1526.81829557367,6.7,0.1,0,44.1767879877201
"380",16.9934205705001,1596.44407559414,6.4,0.3,0.1,38.8371119758937
"381",18.768531244215,440.049969148276,7.1,0.1,0,48.6155771823519
"382",16.2563633971887,1730.09492978483,5.6,0.2,0,37.8254052424766
"383",16.7476073476196,1502.21943948934,6.6,0.2,0.1,36.8325102400922
"384",17.9801599996938,633.844948287535,5.9,0.2,0,43.3153897678741
"385",17.5122063082826,257.428175268524,7.5,0,0,42.5365372149318
"386",16.5348670003841,234.696303241708,7,0,0,39.0386031240213
"387",17.0846358925976,428.839671015951,6.7,0.1,0,42.3510745068254
"388",17.2756111734895,209.363413669931,6.3,0,0,41.6778845529751
"389",18.9584519183913,228.603353558636,6.8,0,0,48.1201385979675
"390",16.5668885537188,1749.89542119575,4.6,0.2,0.1,37.0608196755195
"391",18.2318735897976,1122.14048822554,7.9,0.2,0,45.6970361349051
"392",18.3277502777223,527.79437013941,7.9,0.1,0,45.4425337670056
"393",18.2992076305366,535.237799709007,6.8,0.1,0,43.9666850280559
"394",18.026309244685,262.356493743764,7.3,0,0,44.2335808175266
"395",16.1353131483548,2793.06753747189,6.7,0.3,0.1,38.3298421141743
"396",18.5321777195245,512.329499494556,7.1,0.1,0,46.4173002680127
"397",16.3159016662309,2066.3821976104,5.7,0.2,0,40.239567139601
"398",16.9325381825002,219.944470847895,6.1,0,0,38.6945028548385
"399",18.5363042738221,236.096586562589,6.8,0,0,45.2643037996831
"400",16.8869882270959,1880.29885965544,7,0.3,0,40.2136448238072
"401",16.7355029303154,1216.30827728306,6,0.4,0.2,39.8000544461585
"402",14.8797701718316,3390.45923702667,6.4,0.4,0.1,31.4990391818228
"403",17.7802925261988,453.180324925745,8,0.1,0,43.0925756600976
"404",17.2268165936564,482.896986906502,7.6,0.1,0,38.2314693131571
"405",16.4082684546743,1697.45898420606,5.9,0.4,0.1,37.2647888267549
"406",14.2637568540034,2897.41610689633,4.6,0.3,0,31.7826512744936
"407",18.5182377134898,1308.3036922105,9.4,0.1,0.1,44.7787385791948
"408",17.4964385473616,2056.10847968639,7.4,0.2,0.2,42.2948712600984
"409",18.0744917384832,934.186077612611,7.2,0.2,0.1,44.6974351607882
"410",17.4173565156818,1358.93249059818,7.7,0.1,0,41.1361177756956
"411",17.5888952104614,3113.29856033489,7.2,0.2,0.1,44.7250289322952
"412",18.2300502236501,257.410059445292,7.7,0,0,43.1553399308961
"413",18.1313761679301,440.784289853318,7.2,0.1,0,42.7616977658065
"414",16.9346006576278,1237.58968581937,7.6,0.2,0.1,36.9144342422507
"415",16.9589687422906,1956.08764780136,6.5,0.3,0.2,39.5218656238768
"416",19.0850228404589,637.487828887324,8,0.2,0,49.1283168226116
"417",17.3860457729193,245.411764001658,7,0,0,40.5716295129085
"418",16.2275938526385,1463.8010092909,7.3,0.1,0.1,38.7055622712108
"419",18.7749926346197,432.63204828918,7.9,0.1,0,47.4409760211014
"420",17.8378766076769,1483.86633785914,8,0.3,0,42.7303515032353
"421",18.9457273921676,270.975392504483,8.4,0,0,47.8052007110092
"422",16.4980075837518,1782.05083242697,6.2,0.2,0.2,38.5267600193992
"423",15.521032563365,815.199896517626,5.5,0.1,0,34.3426718571137
"424",17.1686433179315,2106.92661310098,7.7,0.2,0,43.676553964486
"425",18.8406601698938,302.463569236002,8.2,0,0,46.7687594889697
"426",17.8214167424507,180.705164393425,5.8,0,0,42.6461778371046
"427",18.2380348491499,491.000523308186,7.1,0.1,0,47.4233475285588
"428",17.6588325827932,1011.58960847599,8.5,0.1,0,41.9446088705663
"429",18.7303436866988,237.555826313478,6.4,0,0,47.6260118719635
"430",15.1619756728206,978.28191107592,6.8,0.2,0.1,34.6686622050242
"431",16.8101822161175,377.042062235464,6,0.1,0,39.7142027669125
"432",17.7785377663042,255.264914530368,7.1,0,0,41.6689783640437
"433",17.8423133548913,442.453967129338,7.2,0.1,0,40.9571273660883
"434",17.8303457450804,1010.61770196499,6,0.2,0,45.4076517719369
"435",15.6804725368007,1322.75769367686,5.8,0.1,0,35.2334848302204
"436",18.7487923173634,215.236312662673,6.1,0,0,46.0754842360811
"437",16.4691521605441,1272.66345187715,7.3,0.2,0.2,36.9856057551388
"438",15.5316380524977,2778.09839584352,4.9,0.4,0.2,33.8928124837918
"439",17.9905487772604,810.200582334188,6.2,0.2,0,41.4345613218936
"440",15.7467733346584,2300.09730299159,5.3,0.2,0,34.926019001891
"441",17.125211098595,2000.41754656571,7,0.2,0.1,38.7901992502088
"442",18.8792063209751,307.572350646239,8.6,0,0,48.3726378558938
"443",18.6284584562562,281.336070166186,8.5,0,0,46.5698084153877
"444",17.6513990965014,1049.65607401811,7.3,0.1,0.1,40.9991920348877
"445",16.6632846226122,1337.00418526586,7,0.2,0.1,39.1820024237131
"446",15.2659447172468,2704.48247788141,6.4,0.4,0,33.0871477558773
"447",16.8582441410746,530.834023335365,7.3,0.1,0,37.1631170079346
"448",16.0599907084406,681.821671261257,6.3,0.1,0.1,35.4607745707118
"449",18.9104431835487,362.405244519433,7.5,0.1,0,48.862606562826
"450",15.9152005754125,2393.19698891074,5.3,0.2,0.1,36.6816592201757
"451",15.4431518638148,1291.42592785414,6.5,0.1,0.1,34.5135202455208
"452",18.5485261590242,540.501503778635,7.8,0.1,0.1,45.2821051912717
"453",17.6581966221712,1839.66691385478,6.8,0.3,0,44.0362691644274
"454",16.1122383338922,2043.88710333558,6.5,0.4,0.1,37.4553239962547
"455",18.472757518288,257.367842911359,7.5,0,0,45.3818279249414
"456",16.4229281582603,1608.42699628968,6.7,0.1,0,40.730364736214
"457",18.0584047932235,561.299414885897,8.7,0.1,0,45.3550325523072
"458",19.172341928697,430.377693602094,7.3,0.1,0,48.9618268508429
"459",16.9653314378874,1936.49929369371,7.4,0.2,0,41.9320614619857
"460",18.8247285918725,251.577186440693,7.8,0,0,47.2573741210621
"461",17.8988830126088,465.700977998146,6.3,0.1,0,41.0213805685053
"462",17.8820969989733,1378.37426468044,7,0.2,0.1,43.2159344229845
"463",17.2763797173799,245.836175623324,7.5,0,0,43.1666126345957
"464",16.2410969231517,2500.29480146872,6.7,0.4,0,36.2045658610577
"465",17.4053363828378,994.585487563789,8.3,0.1,0,40.4843874605698
"466",18.6694495050679,510.241268291329,9,0.1,0,45.7161268659553
"467",17.2955553390263,476.985864624875,5,0.2,0,41.5342974524488
"468",18.0342309040626,938.190645079208,8.2,0.2,0,43.0547284661061
"469",17.0891652160767,1929.70778953638,6.5,0.2,0.2,43.0559184500279
"470",18.5986023839995,1032.79179599776,8.8,0.3,0,45.3818051908497
"471",16.6606393917552,1533.25669121174,7.5,0.3,0,36.9793528291578
"472",17.0646109719706,2196.79118977847,7.5,0.1,0.1,39.8039778648356
"473",17.529886074291,1267.76818007038,7.1,0.1,0,41.5849183418409
"474",16.99420158848,1927.69222711648,5.9,0.3,0.1,39.6373927348583
"475",17.9218530594622,1176.45564533312,7.8,0.1,0.1,43.6323828624234
"476",15.9598544596882,2315.74293733807,5,0.2,0.1,36.0664817190365
"477",17.1552233883686,1503.06793775586,5.5,0.1,0,40.1220510359559
"478",16.3322794183598,1341.88402540218,7,0.2,0.1,35.9842253121889
"479",17.8313298217375,1977.64156437998,5.5,0.2,0.1,41.5146279284809
"480",19.1845788796753,254.269992328506,6.9,0,0,49.2915271698924
"481",17.634287591853,4026.22702081566,7.4,0.2,0.1,42.8492488305788
"482",16.2718414519022,1361.80636733847,4.9,0.1,0,36.7682324933459
"483",17.7128985689291,704.378365947559,7.1,0.2,0,44.1970760078955
"484",18.5875262937175,284.401136643468,8.1,0,0,46.519632281188
"485",17.1446010433041,1120.47516939504,8.2,0.2,0,41.9875678346758
"486",17.9315698184107,1250.89939769513,7.7,0.1,0,44.9186276892613
"487",14.7151791665054,205.396875921647,6.1,0,0,33.0105213667199
"488",18.4650908792325,1294.57522665743,6,0.1,0.1,47.011465398398
"489",17.273149957491,289.98435851065,8.6,0,0,38.2926895438302
"490",17.864811650786,2331.45790030256,6,0.2,0.1,44.2813247298003
"491",17.4526612336183,913.002825347912,6.9,0.1,0,39.0606732692797
"492",18.2266352521851,397.624040952501,3.2,0.1,0,43.816466032543
"493",15.2447443442682,2226.02649455723,5.2,0.3,0,34.5695054539158
"494",16.9337487165074,1253.36212781473,5.7,0.1,0,38.3485677803377
"495",17.2859098629795,241.4322758991,6.9,0,0,38.3412063285475
"496",17.4599582863837,1284.65926984081,6.7,0.1,0,42.2764982451739
"497",15.904490827503,1182.68220424521,6.3,0.1,0,40.0364948202151
"498",15.5999257085215,2491.56729056591,5.4,0.2,0,36.5123032018861
"499",17.1750356248434,504.375951509675,8.7,0.1,0,37.34740570267
"500",14.3806891772306,2933.08265753502,4.3,0.3,0,29.5905050323704
"501",17.6483932283752,1362.02092900309,6.8,0.2,0.1,43.2957305362215
"502",17.8204309310049,1397.43027956708,7.7,0.2,0.1,41.8513525934694
"503",17.339652697685,1171.25332685981,7.4,0.2,0,39.034094384876
"504",17.2027640539132,376.381007748138,7.8,0.1,0,40.4235867746389
"505",18.1366696056073,1383.55535244505,7.8,0.2,0.1,43.1487123330893
"506",17.486037838399,1240.13840428927,6.2,0.2,0,40.6463645996775
"507",18.2792060455515,482.860606135184,7.4,0.1,0,43.5718540258374
"508",18.5525286887963,252.03176988285,7.7,0,0,44.7824541813878
"509",18.6222670923185,228.303751030483,7,0,0,45.161842820775
"510",17.183309388318,1510.01538251746,7.2,0.2,0.1,40.4935868226881
"511",16.1175438416254,471.321653482672,6.9,0.1,0,35.8198545478694
"512",18.5336140755325,234.610259770115,7.2,0,0,45.8020454501109
"513",18.8433494344805,1023.69169058654,8,0.1,0,49.0732134072071
"514",17.94560200138,1225.25339554626,6.7,0.2,0.1,43.8112606486462
"515",18.3622686755484,422.347753577909,8.4,0.1,0,44.6892695411415
"516",18.0688803671147,612.823264200951,7.7,0.2,0,42.2957776829958
"517",15.221926522348,2701.19437853044,5.7,0.2,0,34.7458130196153
"518",17.3038328601942,1519.79772561857,7.3,0.1,0,40.5953280550117
"519",18.2219447278358,1369.66562578182,7.4,0.2,0,47.408159711677
"520",16.520161533175,1890.96827739248,7.2,0.1,0,38.6996398194678
"521",16.9845011246407,1844.80725674609,7.5,0.1,0,39.9364988577572
"522",17.2344024158207,981.780863770866,6,0.1,0,41.761307519504
"523",18.0959000593742,314.49647615914,9.4,0,0,43.6726069165206
"524",15.6807667127479,761.259264553854,6.9,0.1,0.1,34.7619453301037
"525",16.9995204480337,244.482280309127,7.7,0,0,41.201533385178
"526",17.7999950544328,1357.49844454654,6,0.1,0.1,42.9264811960992
"527",18.8277671722721,257.555672083689,7.6,0,0,46.4464721824394
"528",18.0535410556777,426.877094598495,7.3,0.1,0,43.1832737051267
"529",17.0323700295793,273.81444458357,7.6,0,0,40.164491237314
"530",17.7031039159668,948.024312861461,8.1,0.2,0,41.1466646811476
"531",18.74200487024,263.253070717498,7.9,0,0,46.1076882676427
"532",16.8258743068919,780.102165818732,7.2,0.1,0.1,40.1149970334904
"533",17.7576454590046,257.638220614482,7.6,0,0,42.4283830554598
"534",18.7542421072788,267.728124722093,7.4,0,0,45.7734697095792
"535",18.2932845300079,250.324240895509,7.2,0,0,44.9009479908036
"536",17.962205073397,657.273717382157,7.3,0.2,0,45.1160887592137
"537",17.6017428342655,477.04296922661,7.5,0.1,0,41.8065066547432
"538",18.9931593114173,302.966397699377,8.4,0,0,48.0355817745091
"539",18.9164179696003,278.704832686553,8.5,0,0,48.7093421735609
"540",17.6630222209153,408.670584286447,6.9,0.1,0,43.0511331635778
"541",18.1082356608033,541.889005153873,7.5,0.1,0,44.3833418547964
"542",18.6523567640709,482.355181918343,8.3,0.1,0,44.6726569391813
"543",17.0555001600257,806.5779304941,7.5,0.2,0,39.8622190791777
"544",16.8987026695925,3518.5924486309,5.3,0.3,0.1,40.753212348866
"545",17.1397414682356,262.242506205019,7.5,0,0,40.670001800852
"546",16.0475379325396,1366.25860706303,5.9,0.2,0.1,35.6922195809847
"547",17.0779527077081,1330.0796500493,7.6,0.1,0,39.9442012773508
"548",18.3873174351077,292.937749075957,9.1,0,0,44.2702700905683
"549",18.3820644742716,484.131230191132,8.1,0.1,0,43.2002582693051
"550",14.8860440640553,3597.10666884716,5.6,0.3,0,34.1496538577398
"551",17.816862442651,251.406271694928,7.3,0,0,43.3008160431391
"552",18.6022705877836,595.471950242784,8.6,0.1,0,46.4928823141446
"553",18.0025626312221,482.040457266191,7.6,0.1,0,43.5949409908678
"554",16.911620535558,1886.57247867981,7.5,0.2,0.1,39.0139753175976
"555",18.2455654396226,266.280372399228,7.7,0,0,44.539676980938
"556",18.8946942332369,234.736389021278,7.1,0,0,47.5870900344269
"557",16.4980948741988,193.222419181006,5.8,0,0,36.3448414867889
"558",17.4566461408856,2514.51397380089,6.1,0.3,0.1,43.6016403202521
"559",18.3613249411532,325.180853372754,9,0,0,44.7575099948854
"560",17.2559927559797,1068.90351603742,7.4,0.1,0,40.4519942254279
"561",17.4305038014359,1186.59855768667,7.6,0.1,0,40.8075156410833
"562",17.6918010258622,831.687580364454,8,0.2,0,39.8191009863092
"563",17.0560159022697,1956.84432743482,6.7,0.3,0.1,41.108254572275
"564",18.346432302138,742.24037767875,8,0.2,0,43.7406603866829
"565",16.8536593636692,1449.00884171875,6.7,0.1,0,42.1004014882721
"566",17.532534372428,769.297906565503,6.1,0.1,0.1,44.8130051077842
"567",17.8007742498142,601.429036966049,7,0.2,0,42.2371665126081
"568",17.2345244050422,3221.27505436968,6.4,0.2,0.1,42.6957171491215
"569",17.0660541085144,321.747502506794,6.9,0.1,0,41.3024899908654
"570",18.45426847778,264.639799190211,7.3,0,0,44.9469955229983
"571",18.9409753225979,1395.80573553273,6.9,0.1,0.1,49.0871062903704
"572",19.0675948399633,222.808762643431,6.6,0,0,48.375790062627
"573",18.1528016835252,552.452171342855,8.4,0.1,0,43.1815310775554
"574",18.5683629894481,225.100400357451,6.9,0,0,46.7517101441697
"575",16.5570199486414,2119.26834953773,4.8,0.4,0,37.2722948696163
"576",15.9506681853407,1554.95827681959,6.6,0.1,0,37.4032246372049
"577",17.6703078078612,259.689823730458,7.9,0,0,40.1794026761336
"578",15.2964710076291,2609.14177761239,5.3,0.2,0.1,31.8116179110416
"579",18.0260448861744,1368.53234791875,7,0.1,0,46.7738668546057
"580",18.2006917784175,479.710144006414,7.4,0.1,0,45.0081295011573
"581",18.700010953358,541.182583502433,8.8,0.1,0,45.6745620804859
"582",16.9909903504016,1479.20714489281,6.4,0.2,0,39.4983362317476
"583",17.6273380601404,264.042061357885,8.3,0,0,41.3315845271106
"584",18.803781542909,683.537979277978,7.9,0.1,0.1,48.8205618675719
"585",17.4961249141339,1496.43175576456,8.8,0.1,0.1,40.6310718038694
"586",18.397856189787,256.257864497431,7.3,0,0,44.3149535134674
"587",19.104275364278,281.753425593687,7.7,0,0,49.6349259578185
"588",18.4635234194531,274.325857963411,8.2,0,0,46.6608465380611
"589",17.3971853900375,1408.32254359043,6.4,0.2,0,41.4807789352852
"590",18.0983727210861,223.814849673275,6.5,0,0,46.1243192999832
"591",17.2359241235985,1578.70679615538,6.6,0.4,0,41.7350599030172
"592",17.5361322140835,556.025390609545,7.5,0.1,0,41.144959442786
"593",16.1400027735456,2976.53526593528,6.7,0.5,0.2,37.2843922347226
"594",19.1882869026505,457.196114158151,8.7,0.1,0,49.5464954455015
"595",16.9499621625335,521.740435094811,7.2,0.1,0,38.2089970549868
"596",18.578416683314,294.248713081038,8.6,0,0,45.6323624379435
"597",19.507996610391,382.027441914358,5,0.1,0,51.6273913374895
"598",19.0675214602262,503.152782636672,8.2,0.1,0,48.3640792235524
"599",18.3798552634143,504.933635035955,7.9,0.1,0,44.6173260363662
"600",16.8974000475666,2068.94932038985,7.2,0.2,0,41.8172233809547
"601",16.6976053510053,2537.21121174862,4.5,0.2,0.1,40.6871539602123
"602",17.6243272252555,428.229460187568,7.4,0.1,0,42.5280553498654
"603",16.3485605434756,1823.79125028864,6.6,0.2,0,37.7793441668192
"604",16.0354419917184,2090.40074448609,6.5,0.2,0,41.022320608984
"605",17.686155575417,275.591033957008,7.7,0,0,40.8583830592728
"606",16.1817448283453,1526.6745230622,6,0.1,0,38.4402641035313
"607",16.6238063623493,1207.27819952844,8.1,0.2,0.2,43.22959813903
"608",17.3547573293646,472.446824258432,6.8,0.1,0,38.8940967528823
"609",14.6620680597165,407.387182039722,5.2,0.1,0,32.3148240986874
"610",16.3992143960877,424.380144142103,7.2,0.1,0,37.2014291434233
"611",16.6436772475947,3402.69232120137,6.1,0.3,0.1,38.8632360200627
"612",17.7555306505287,1221.6682780729,7.8,0.2,0,43.1915655665949
"613",18.5363712781529,1012.29177693249,8.1,0.1,0,45.4146087374689
"614",16.8076461313247,254.024200317409,7.8,0,0,39.8215162357166
"615",17.5468216395478,536.003574821463,8.3,0.1,0.1,40.9709190739116
"616",16.439903041341,706.582766122734,6.3,0.1,0.1,37.5432908102785
"617",17.137066448662,1684.20498737784,6.9,0.2,0,42.3391656479303
"618",18.7108875079794,552.819694542868,7.7,0.1,0,46.3566825384301
"619",17.7365678660924,1337.48167732953,7.8,0.1,0.1,41.7823272915955
"620",19.3848476666022,263.128390711632,8,0,0,51.3113078582835
"621",18.3078088072682,648.847892635902,9.5,0.1,0,43.7830939709446
"622",18.426076274333,865.667402246545,8.7,0.1,0,44.1598220232854
"623",16.0534712252926,1914.20040830224,5,0.1,0,37.1074075295367
"624",17.8013420521208,1034.67803489058,8.5,0.2,0.1,44.2171583102887
"625",17.6571153266803,242.53620726699,7.2,0,0,40.4325380900715
"626",18.3509358573558,531.635737802208,7.5,0.1,0,44.0786902341548
"627",18.3412723725298,429.438968551464,6.9,0.1,0,43.5573857194658
"628",15.4936491754631,3457.18571278574,5.4,0.3,0,34.5946528458238
"629",17.0565893215784,888.667913349638,5.8,0.2,0,40.3327567660277
"630",15.2771719000889,4074.68442052921,4.3,0.4,0.1,35.0337572046492
"631",16.4121261384624,1642.89513976392,6.1,0.1,0,40.4278610834131
"632",17.2603432585188,590.263939205068,7.1,0.2,0,39.0880340364344
"633",18.2961850626752,262.988608223762,7.8,0,0,43.6974837312445
"634",17.9065034616512,689.71066168382,6.8,0.2,0,41.9517155158212
"635",14.6788864848296,2979.02502792732,5.9,0.3,0.1,31.5124550212411
"636",18.5672839468197,774.805666122079,8.6,0.1,0.1,47.2309241161908
"637",18.7699825189267,266.017859770957,7.8,0,0,46.5604519813836
"638",14.5014236294115,2387.62591964458,4.2,0.2,0,35.3013280757517
"639",17.5441955746978,946.91450962007,7.2,0.3,0,40.2630028413555
"640",17.672944674603,358.471471584776,7.3,0.1,0,39.6835795871008
"641",17.9411665999173,489.669677120503,7.9,0.1,0,40.8147352719183
"642",19.5125803769684,247.531726820516,7.3,0,0,51.5274243029739
"643",17.1960586503886,1255.73716956069,8.7,0.2,0,38.2181888947606
"644",16.6970232101523,235.872250536304,7.2,0,0,38.5936756042638
"645",16.7780288670077,2995.02183136861,6.2,0.2,0,42.0608135796616
"646",17.9813010713138,239.21050163454,6.1,0,0,42.5575649720224
"647",16.7688843225039,265.054390883173,7,0,0,36.1825086666917
"648",18.2803178654864,617.362558597058,8.1,0.1,0,44.3183951004699
"649",18.1258439861587,1682.55563696792,8.4,0.1,0.1,45.9994885117732
"650",19.1671271119234,552.049442190058,8.1,0.1,0,49.7812280331882
"651",18.0572628000731,1437.70130974739,9,0.2,0.1,43.7926038747354
"652",18.1927079274389,2155.75701521005,7.3,0.2,0.1,44.6291207017788
"653",15.9795450898961,320.269588056321,5.7,0.1,0,35.9765877347894
"654",16.695293893758,986.252107229297,7.5,0.2,0.1,37.5935032072721
"655",17.1619610198559,2261.14972600622,7.1,0.1,0,44.4379920803657
"656",18.0545591712948,222.665624153261,6.9,0,0,43.485157494075
"657",17.1445265366923,945.72012976512,7.5,0.2,0,38.0259027686914
"658",15.9339518969729,1554.46378459373,6,0.1,0,36.7055547421459
"659",15.182001535011,2243.43830988268,6.4,0.3,0.1,34.2970676155063
"660",17.5395176054463,446.729467367668,7.8,0.1,0,39.7488795155596
"661",18.5428147681899,1236.99622252194,7.8,0.2,0.1,48.0540556871639
"662",16.3348071384518,547.368187163108,7.6,0.1,0,36.0441038095788
"663",19.1494020347258,282.482274916068,8.4,0,0,48.9956532183627
"664",18.3486585257967,271.743258217959,8,0,0,44.4732330002943
"665",18.4433171756266,1373.50362733416,7.5,0.2,0.1,46.6140110924739
"666",17.7379064982566,400.64908226882,7.2,0.1,0,41.9738205197771
"667",15.300572938039,2432.0233618849,6.6,0.3,0,35.6168832322904
"668",16.8250030064189,1519.51635030299,7.4,0.1,0,39.5341053253391
"669",17.8529275180236,1542.23156372249,6.4,0.1,0,47.6179972268671
"670",17.5143724833979,187.319715524963,5.4,0,0,40.7425558555239
"671",17.6736767651663,269.344787605999,8.1,0,0,41.6607683249803
"672",18.3401762937168,279.686953862295,7.3,0,0,43.7775239395875
"673",18.3142985245873,555.303237375568,8.4,0.1,0,46.4141652248054
"674",16.7091042330682,1383.04591282167,6.1,0.1,0,37.6628202649042
"675",16.6547801440361,802.33172325148,5.8,0.1,0.1,37.4509773068004
"676",15.868810721245,3168.72389710785,6,0.3,0.2,33.7820184691658
"677",18.4989794017876,1491.86697262542,6.9,0.1,0.1,47.848828570483
"678",16.4278241763863,411.026955373855,7.4,0.1,0,38.3366532287058
"679",17.2915172508564,231.545640091465,6.6,0,0,41.7738998353041
"680",18.1289920331288,290.883844775255,8.7,0,0,43.3994637284484
"681",18.7487511600831,256.023582758739,7.3,0,0,47.049949753502
"682",17.6966428503831,791.12593219031,7.7,0.3,0,39.6965278070614
"683",17.2728316654952,1429.31932425776,8.1,0.1,0,41.5235555028748
"684",19.0982786058075,431.178420870993,8.4,0.1,0,49.2380485498171
"685",17.0853446874277,1678.80262782524,7.2,0.1,0,41.7366080200265
"686",18.179784661876,282.433418195577,8.5,0,0,42.4586171040438
"687",17.372773565619,963.579608940252,7.3,0.1,0,41.3423401778426
"688",16.4890652097265,3225.61982503764,5.9,0.2,0.1,37.3633859794228
"689",16.9414933846078,2357.89222666928,6.8,0.2,0.2,39.2711188210171
"690",16.5220007546014,1298.40821197066,7.2,0.2,0.2,36.1946951756696
"691",16.4219194380213,2251.47653482815,5.8,0.2,0.2,37.9900402071651
"692",18.6455370105809,548.414549304899,9,0.1,0,46.5032242636077
"693",17.9748646355641,1079.5302998425,7.8,0.1,0,42.7201935570465
"694",18.8218357784611,284.970215232534,8.1,0,0,46.1023144876325
"695",18.448400674542,647.837500721635,6.4,0.1,0.1,48.4748805033679
"696",16.9411295576014,213.404189347736,6.2,0,0,37.9133898305026
"697",17.6535021184959,1451.63092845398,8.6,0.1,0.1,42.2278122755238
"698",19.8725872936187,198.522192052254,6,0,0,54.6733980694474
"699",18.8988493521248,219.398601666044,6.4,0,0,48.0972119926592
"700",18.4232271060215,497.542806745446,7.5,0.1,0,44.8106758675771
"701",17.9559246562363,439.252381925654,8,0.1,0,43.1680838982085
"702",16.7314652087826,200.694538075054,5.7,0,0,37.2956049833773
"703",18.9723764996372,462.224825967226,8.6,0.1,0,48.1707365613848
"704",19.0020838652561,401.966292055462,7.1,0.1,0,47.911301307482
"705",18.3500801399434,2881.9193649984,7.6,0.1,0.1,47.8878295756887
"706",18.0270905670619,417.041568784431,7.3,0.1,0,42.4473962370927
"707",18.4520483399649,616.800799869679,7.9,0.1,0,46.5716661135033
"708",18.9637250999905,305.500529931906,8.3,0,0,47.8717947915492
"709",17.3528329085564,1175.15792836909,5.8,0.1,0,41.6415130260871
"710",16.887651069174,3358.86651776198,6.7,0.2,0.2,36.940501158995
"711",18.7913445223853,222.312724451441,6.5,0,0,46.4968146398315
"712",18.0090514997043,1728.57809867471,8.4,0.2,0.1,44.7440790715562
"713",18.0276142075521,871.741275934422,6.6,0.1,0.1,44.9655966122262
"714",18.3982226371092,1507.95562418786,8.3,0.2,0.1,46.9194950720859
"715",18.5465690172455,711.960292678484,7.9,0.1,0.1,47.3662966331433
"716",16.9683005284952,2364.18132193034,6.9,0.2,0.2,38.2506779750208
"717",17.6227385322111,1383.99643921049,7,0.2,0,41.5868468907286
"718",18.2238995219751,1227.35179702837,6.7,0.3,0.1,45.4174788676516
"719",15.046280526708,2854.69251703799,6.7,0.4,0.1,31.9296421838026
"720",18.5842326898347,585.82351804232,6,0.1,0,46.2667233673314
"721",18.1314387089772,486.950318078436,9.5,0.1,0,41.977733376317
"722",18.1455106031312,1626.23282318891,7.3,0.2,0.1,43.1126270241753
"723",18.8619819510117,230.166844414877,6.5,0,0,47.4423934119176
"724",18.4607284295436,929.577917207253,7.4,0.3,0,46.5451030106251
"725",16.607535886193,2141.71999400688,7.7,0.2,0,37.2228544454234
"726",17.5998343585634,227.871993740103,6.6,0,0,40.8809589898011
"727",17.1688798971114,2155.76544995186,6.3,0.2,0.2,40.4439483931815
"728",17.6703652852973,275.942212694064,7.5,0,0,40.6952636237041
"729",18.0081960881499,269.153708907483,8,0,0,42.8203487304902
"730",15.9280759649743,2486.0789827881,5.7,0.4,0.2,34.6416984651272
"731",17.8077333429457,254.18987480983,7.7,0,0,43.712690533458
"732",16.971609597203,1473.31346489857,6.9,0.1,0,39.4415144262725
"733",16.8698608584768,1697.61153344292,8.3,0.2,0.1,36.3027712074165
"734",17.546726251708,1523.16715028092,6,0.2,0,44.285400267698
"735",16.5080509389174,2634.98347100502,7.6,0.2,0,38.3299528307927
"736",16.9775363737217,1795.40043356645,6.5,0.2,0.1,40.8649884152597
"737",16.4248462720267,199.259710234515,6.2,0,0,39.0918171642501
"738",14.648712860266,2718.4668864957,5.2,0.4,0.2,32.2693292306969
"739",18.8511689352287,445.704034680109,7.5,0.1,0,47.1486399562094
"740",17.7030964593107,220.923755579725,7,0,0,41.2733735713167
"741",18.1956761570775,1104.39845070399,7.1,0.1,0,47.7136823956485
"742",19.0447736005403,270.215856395842,8.3,0,0,47.4771438360409
"743",17.1508773564275,561.834474708768,7.5,0.1,0,38.1998651661821
"744",18.1542310932232,244.15433898387,6.5,0,0,42.9092913533531
"745",16.978556596948,2147.9220954564,6.4,0.2,0,42.6605050985911
"746",18.7065714890255,276.978212403602,8.4,0,0,46.1938421445209
"747",16.6605043660752,532.937515200217,6.9,0.1,0,37.2942203014525
"748",16.618496767809,1648.13527758156,7.1,0.3,0,37.8148401687801
"749",19.2090897336146,260.080328788005,7.4,0,0,49.9652045089594
"750",18.053839185301,485.826798250618,8.4,0.1,0,43.3669109073128
"751",17.8544464990395,250.211391806426,7.4,0,0,43.1734812924798
"752",17.1475280158293,3073.52342360644,7,0.2,0.2,39.835988803763
"753",18.6564467017852,247.682378236761,7.3,0,0,46.9630325172866
"754",14.149186691527,1435.71412747837,5.8,0.1,0,31.1333687362509
"755",15.9132941672109,2368.44291133008,5.8,0.4,0.1,38.4264333546168
"756",14.2800956438662,4579.50062902906,4.4,0.2,0.1,33.4128756271714
"757",18.9248674139934,527.543333617003,8.4,0.1,0,48.2732355358762
"758",17.5377343159659,1192.36615703381,6.5,0.2,0.1,42.7310422018578
"759",16.168635426092,1423.78720165536,5.8,0.1,0,40.442991300378
"760",17.177783663811,2594.15777906718,8,0.3,0,41.5358949581317
"761",18.7815012277781,273.147397854686,8.4,0,0,46.6821213973504
"762",16.5886985924817,708.027864010122,8.2,0.2,0,36.234847601599
"763",16.2418354497323,766.163404395348,6.5,0.1,0.1,38.6489617167641
"764",18.0571785792019,199.216528191746,6,0,0,44.1691051272032
"765",16.3669473341743,1935.98241297741,6.7,0.2,0.1,39.1922157749067
"766",18.0416319958673,772.682302008644,7.6,0.2,0.1,43.2720189019313
"767",16.6181099690314,2611.14896925556,5.7,0.3,0,39.3326094290166
"768",17.45669870563,1221.23406999722,6.6,0.3,0.1,44.3806495405619
"769",17.7992621705305,694.751596118234,7,0.2,0,41.3331883486826
"770",16.750178219593,353.537049412562,6.4,0.1,0,39.9364590456598
"771",18.3091691519085,240.041364521944,7,0,0,44.0264219780915
"772",17.1665345165936,370.67295596408,6.8,0.1,0,39.0612316546137
"773",15.1050395966819,1884.65500911549,5.9,0.2,0,31.9660574172962
"774",18.167738700242,946.328723715984,7.4,0.1,0.1,45.3059894158704
"775",16.5963637175023,1360.20953712896,7.4,0.2,0.1,36.436161676859
"776",16.978404673406,4091.59147205599,6.9,0.3,0.2,41.3917451093323
"777",17.5810079832319,220.976236512746,6.7,0,0,43.8325752705232
"778",17.6084300260541,2015.12499682402,6.9,0.2,0,43.3218154628112
"779",19.0466304808944,318.014939391417,9.3,0,0,47.5447701937107
"780",18.3913615390966,1265.00839236145,7.2,0.1,0.1,46.7951544517465
"781",18.5224673562832,1634.4918183945,8.1,0.2,0.1,47.9192454457146
"782",17.1187349663712,1714.78859795875,6.5,0.2,0.1,38.5942642322239
"783",15.7652923966826,2690.80641527298,5.8,0.3,0,35.127700122824
"784",17.9257381299225,226.603549699521,6.8,0,0,42.5460858734432
"785",19.2086298646843,254.640066062201,7,0,0,49.9266644158267
"786",16.0732879019718,1693.00517551584,7.2,0.1,0,37.6116736778229
"787",17.1837847757889,2396.54136073324,6.1,0.3,0,41.6341069575643
"788",18.7996671209329,291.482009744443,9.3,0,0,49.0013297699149
"789",18.5565942586421,597.499353941725,9.1,0.1,0,45.5055378107998
"790",17.9478089014507,554.200953136464,8.3,0.1,0,41.7297145549023
"791",17.433169400705,1864.0736068719,7.4,0.3,0.1,39.4856252865072
"792",16.6266963498558,436.656920579048,6.8,0.1,0,37.7955427193077
"793",16.9296958366642,756.252808224335,7.2,0.1,0.1,41.9470977306986
"794",19.2509014029758,294.032082491712,8.5,0,0,50.0807595220224
"795",17.9898302854476,1063.23198407574,6.8,0.1,0.1,43.4498389861295
"796",17.2641342319272,744.129961782682,7.3,0.1,0.1,42.590114678087
"797",17.7286533010214,1819.78666348174,8.1,0.1,0,44.0221649282388
"798",16.2151946477784,3527.15909549085,6.2,0.3,0.1,40.4513935406236
"799",17.5653001655448,1013.7719939579,4.6,0.2,0.1,44.2189481245024
"800",17.4798373924812,1568.3066544583,7.8,0.2,0.1,41.5697648344743
"801",17.8679434115822,567.270118168475,5.8,0.2,0,41.9387584444001
"802",14.4506898120281,2370.71843810094,5.7,0.2,0.2,29.506500445853
"803",17.733632498829,263.80489890093,7.7,0,0,39.8850302194538
"804",17.1898142414944,508.55427595095,7.2,0.1,0,38.5851378457812
"805",16.533272383006,2605.40373967576,6.3,0.3,0.1,39.0974105800222
"806",17.1940606544063,1282.64908893441,6.8,0.1,0.1,39.075156278497
"807",17.9896899806736,495.190132516025,8.2,0.1,0,42.4693948411485
"808",16.8824892729672,800.727161091385,7.4,0.2,0,37.5709640012067
"809",19.1793555483729,275.853999510864,8.3,0,0,50.8505431678484
"810",17.4776474051812,277.236771088219,8,0,0,40.6770375081088
"811",18.1536864075907,252.718155103977,7.3,0,0,44.8990201490305
"812",17.9776116498846,479.755890421219,6.7,0.1,0,45.2996442920501
"813",17.6584275993817,448.650714460937,7.7,0.1,0,40.9000742293225
"814",17.4007281063405,2551.9954120803,7.4,0.2,0.1,39.7674753599722
"815",17.6396239904135,1136.81277393681,7.9,0.1,0,41.4327788617125
"816",18.2511956031544,272.726415849259,8.6,0,0,43.9919592599171
"817",16.604804332026,1147.30656788556,6.7,0.1,0.1,39.1046948599966
"818",17.9670886580206,714.936303937805,8.7,0.2,0,42.7851413275083
"819",17.5071095841601,811.74564612647,6.8,0.2,0.1,39.815585213655
"820",18.4020166236199,1356.52203897838,7.3,0.1,0.1,44.995494577136
"821",17.0889550603595,553.903375248694,7.1,0.1,0,40.5488672769663
"822",18.5988678636603,558.00796474308,8.1,0.2,0,46.7026644105276
"823",17.3119516048948,1110.40304182408,6.9,0.1,0,42.3278928362431
"824",15.140500860794,2487.56298217854,5,0.4,0.1,32.7092617656078
"825",14.6511988611896,2001.35784180997,6.1,0.3,0,31.0747375213944
"826",18.1047955579404,1309.58871415018,7.1,0.3,0.1,42.1621577233637
"827",18.2158967688442,552.34306263818,7.9,0.1,0,44.2769399327614
"828",16.7784184935305,754.254960982065,7.3,0.1,0.1,36.8987187448095
"829",19.3512689533878,196.981055575726,6.2,0,0,50.6789899110073
"830",18.0187742789297,551.637424482067,8,0.1,0,41.822615666085
"831",18.5731749366143,283.831589674618,8.2,0,0,46.1436544264935
"832",17.2013877491788,985.951995944863,7.4,0.1,0.1,40.7854031683707
"833",17.8946560389387,640.292362740107,7.3,0.1,0,41.7656790225222
"834",18.0875200109965,248.029649027497,7.2,0,0,44.5574904592662
"835",18.032225024493,1134.59522651475,8.3,0.1,0,42.4416811895234
"836",17.3542602905353,317.437967739883,8.4,0,0,42.6798758032469
"837",17.7513239043709,497.283601601241,8.5,0.1,0,40.8252469081381
"838",15.3967748852651,201.730808289162,5.6,0,0,34.9175445400929
"839",17.425751799019,2869.31250842639,7.7,0.3,0.3,44.9936575418996
"840",18.5014070754701,272.50513413916,7.6,0,0,46.1268843201215
"841",17.4695833647687,1250.78513794137,8.2,0.1,0,40.9062429692705
"842",17.3519459788248,1958.0660504487,6.3,0.1,0,42.2020405365559
"843",18.1439631731804,262.831447385369,8.5,0,0,43.4377648088711
"844",16.7249091873486,1460.80192197631,7.9,0.2,0.1,37.3538883659587
"845",17.5448709030295,677.123229747049,6.3,0.1,0.1,42.6032619319666
"846",16.041191592773,2553.77613876286,7.5,0.3,0.1,35.3856792706071
"847",17.0637892309745,263.436234663998,8,0,0,38.381788802012
"848",18.2178911791056,762.71938926173,6.5,0.1,0,45.779609217013
"849",16.8588597454859,1222.06986895745,6.5,0.3,0.1,40.521009920529
"850",16.7432675781171,240.022728553351,7.4,0,0,38.1734082699864
"851",16.329861659364,2710.31858743556,6.6,0.2,0.1,40.6207191809339
"852",16.7690395552816,231.575972826894,6.2,0,0,38.9678537886344
"853",16.8593888580259,1270.73938526106,7.5,0.1,0,39.4954462106335
"854",16.7321259753111,433.471062556337,7.6,0.1,0,38.385641521428
"855",17.6977279996598,1138.82029136581,7.3,0.1,0,45.5549817318292
"856",17.7572466244241,907.399798502492,7.6,0.1,0,40.9881404250312
"857",17.5994929676012,784.857892522629,5.1,0.3,0,41.6316165763228
"858",18.3129949484589,3184.08275598082,7.7,0.1,0.1,44.555077043349
"859",18.6204047713459,504.704676158735,8,0.1,0,45.766851256013
"860",18.1474074652221,277.29611681199,8.5,0,0,42.4995200180358
"861",17.0325336146228,1521.75085638284,7.9,0.1,0,39.5943333890195
"862",16.6642977717259,2405.98708295147,6.3,0.2,0,40.0462618788475
"863",17.8536135533799,2177.37614944976,8.8,0.1,0.1,43.1495342967159
"864",18.8777065441362,282.376830399913,8.4,0,0,48.2068106607483
"865",18.5381055010704,376.361661982164,7.4,0.1,0,45.8928326961312
"866",16.728878577192,1390.82436414802,6.6,0.1,0,40.1416670181336
"867",16.4513381261743,232.10149461543,6.3,0,0,37.3093021827718
"868",16.1502406246307,611.934836328716,8.3,0.2,0,35.7474962347821
"869",17.8830714793097,1169.25528601788,6.3,0.1,0,44.4731914694498
"870",17.93190037953,295.603307576404,8.5,0,0,42.3454819685305
"871",17.4718471179092,921.775145909655,7.6,0.3,0,39.8852418457784
"872",17.7441448400217,211.224820229553,6.8,0,0,41.5045613891624
"873",17.8155357633557,929.243019108964,9.5,0.1,0.1,42.911818033182
"874",17.3462888625686,1130.55322387094,7.4,0.1,0,43.2499506354454
"875",17.0913576583583,288.784393835095,7.9,0,0,40.0656733199284
"876",16.8165675986478,1960.34082315531,8.1,0.2,0.1,40.6375184521654
"877",18.0387785488268,2153.337087382,7.2,0.2,0.1,44.3208632405608
"878",18.3990162867927,526.763176621477,9.3,0.1,0,43.9278809352518
"879",17.0250090138036,238.248011301422,6.8,0,0,39.3127982037857
"880",17.611211067779,1214.61396599604,6.9,0.2,0,40.5078492728742
"881",18.1703727227233,1714.81120979169,7.1,0.1,0.1,43.1300361915054
"882",16.9227542865914,2255.6131014394,6.2,0.2,0.1,42.8793977823727
"883",19.6269849540286,445.221752770857,7.7,0.1,0,52.4294703117242
"884",18.9728014053629,247.277319094453,7.2,0,0,47.8173629449827
"885",18.7428618413059,418.495933751345,7,0.1,0,45.5314968107926
"886",17.700591761737,156.522713376556,4.1,0,0,44.2871727091728
"887",17.5575789931301,179.311410517538,5.3,0,0,41.3243183296381
"888",17.7813241278848,852.512727715206,8.2,0.2,0,43.0981744298962
"889",17.0184911486102,245.632680253538,6.7,0,0,39.3969712257104
"890",16.6602350406706,193.266904696547,5.7,0,0,39.620989060597
"891",18.2680173454685,559.876249950089,7.3,0.1,0,44.1092153855342
"892",16.1303363258566,1300.76511290609,6.3,0.2,0,34.492775455705
"893",17.7631400769784,1913.11375311576,5.7,0.2,0,44.7129710329768
"894",16.0188821080289,2732.05061352817,6.4,0.3,0.1,36.107627364992
"895",17.637689331337,1046.32741300799,7.1,0.1,0.1,41.9628085006267
"896",17.9255673708303,484.81960915609,8.7,0.1,0,40.6493256970718
"897",18.4320246210295,277.311843246002,8.6,0,0,45.2709892959793
"898",19.4087698215123,249.342774629845,7.9,0,0,50.8508768724731
"899",18.1420856391278,535.83788997875,6.7,0.1,0.1,42.3973763587666
"900",15.812556427258,1104.67738348906,5.2,0.1,0,34.3815447275108
"901",18.25078464468,833.471571079183,7.5,0.1,0,44.2520340053074
"902",18.0205273751247,1179.86089406901,7.4,0.2,0,42.7231711129085
"903",17.9206475302479,261.841831139138,7.3,0,0,42.4695983700329
"904",18.6878044015681,251.706025621729,7.4,0,0,45.8572274865985
"905",14.9986999159792,1799.2787865377,5.8,0.2,0,35.5989682926441
"906",15.7107535851197,1859.06743121828,6.4,0.2,0.1,34.3487388165205
"907",16.0599146942297,2174.44660924185,6,0.2,0.1,39.7908089135109
"908",16.1059288689901,1682.6529894251,6.7,0.1,0,36.3346808864842
"909",18.407521257331,384.240641004557,7.8,0.1,0,46.8997730649888
"910",18.2140088056706,622.648402835915,9.2,0.1,0,44.708738885165
"911",18.2255462103445,436.809258941887,8.8,0.1,0,42.8166323269814
"912",18.658093257235,1168.42270631964,6.3,0.2,0.1,47.76073450031
"913",18.5599517907567,975.601394322941,7.5,0.2,0.1,45.819354352531
"914",17.3685835032198,529.335870375359,6.6,0.1,0,38.948589646524
"915",18.2462890032579,259.843037153526,7.9,0,0,44.6570256804749
"916",17.8663041793621,499.873553626826,7.8,0.1,0,41.373651195357
"917",17.4158026651876,1501.39413384663,4.3,0.2,0,42.1228944862127
"918",18.1950559953845,915.254273835372,6.2,0.3,0,43.7782787621274
"919",14.7858220786652,2839.63162140465,5.3,0.3,0.1,34.247750477013
"920",17.8040056220038,530.741344165834,8.3,0.1,0,43.7107722598507
"921",18.3677831284154,843.80968175786,7,0.2,0,44.7146847835473
"922",16.8185780124933,1171.35850349085,7.4,0.1,0,38.0917169200125
"923",17.998364722172,620.007670410456,7.3,0.1,0,43.4034636180454
"924",15.5396754663162,3702.78356279078,6,0.4,0.2,35.3531872268165
"925",17.6698801452868,876.985785940151,7.8,0.1,0.1,42.3436184200501
"926",17.2219124842881,647.409133454943,8,0.1,0,41.956325567295
"927",17.0689988250043,1276.75854978981,8.1,0.1,0.1,37.4514504578045
"928",18.1695923839191,1012.07526517698,8.2,0.2,0,45.6642379936052
"929",17.3868084549717,261.411527364201,7.8,0,0,40.5856601158012
"930",16.6935792627854,257.257882136798,7.8,0,0,41.4753200018344
"931",17.6346894131089,239.169638696049,6.7,0,0,41.8412742304531
"932",18.1255890262404,269.022781315893,7.9,0,0,42.7912906905063
"933",18.5370355732656,263.079591322466,7.8,0,0,46.0623958170557
"934",17.7843866719194,929.478563062546,6.9,0.1,0,40.607773881785
"935",16.7712737904922,453.031831620189,7.2,0.1,0,38.2634810389276
"936",17.3633126659778,1337.30009812726,6.9,0.2,0.2,42.1279010400545
"937",16.9345667396232,809.847734272862,7,0.1,0.1,41.900897088187
"938",16.7437849047985,521.868236586656,7.6,0.1,0,37.2213723435816
"939",17.2262823358656,1074.25412438907,7.9,0.1,0,39.656484853175
"940",18.4842890151555,1162.64621629348,8.3,0.3,0.1,46.9167405728156
"941",19.3464553697127,253.008384455638,7,0,0,51.1446523743511
"942",18.1246150306164,681.276623976606,8.5,0.1,0,43.43968577421
"943",15.5653634187084,1130.43964742561,6.9,0.1,0,32.0241345395564
"944",18.3929512427936,583.529523182382,9.3,0.1,0,44.2114936774912
"945",17.8041492131286,488.420180036543,8.5,0.1,0,42.1056194819309
"946",16.0376887740431,3347.70742137443,6.6,0.4,0.3,35.8332095931683
"947",19.1356708117399,288.67048492223,8.1,0,0,48.2364949032049
"948",17.7387885237517,776.243185968899,8.7,0.2,0,40.3447911949743
"949",17.7308315816846,206.655581919255,6.3,0,0,41.3182380161014
"950",17.7785190161654,850.376898181884,6.7,0.1,0,43.253477983967
"951",18.6785848390455,249.714391733935,6.8,0,0,45.8325270130967
"952",17.3718979764366,251.858734354868,7.5,0,0,40.0487338819534
"953",17.832381038156,254.07877027122,7.6,0,0,46.3047200612954
"954",16.719545375759,1350.72735682961,5.8,0.1,0,40.7079458634652
"955",15.8338304256031,3246.92838463016,5.7,0.2,0,38.3318511705789
"956",16.6530444878733,1629.07392569592,7.5,0.2,0.1,37.6786061084991
"957",18.2942435876267,1064.0752158738,7.4,0.1,0.1,46.3152184442436
"958",17.5179409313271,1099.5824210183,6.5,0.1,0,42.1795818965535
"959",17.6879982275844,1078.74309379779,8.6,0.1,0,43.0967441347762
"960",18.6266541764194,397.337752433445,4.4,0.1,0,47.3798041804323
"961",17.8207492691793,272.023497284314,8.4,0,0,41.1338442138055
"962",18.2053433627744,270.013256968714,8.5,0,0,44.5413331338996
"963",18.1798351070062,821.73906003328,8,0.1,0.1,44.9405479765116
"964",18.2443973704696,592.785890319915,9,0.1,0,43.6455642420938
"965",19.0511033679035,268.459598240548,8.4,0,0,48.4967664674974
"966",17.0290095303158,1224.32162833444,5.8,0.2,0,41.1133724471941
"967",18.8143703726192,829.593098553487,8.7,0.2,0,48.2054442823989
"968",18.7776167338357,292.370494291314,8.7,0,0,48.7291481376763
"969",14.8758852992634,3845.58267746325,6,0.3,0,32.6584633224341
"970",17.429322773238,1783.84673520384,7.6,0.1,0,42.8384777913245
"971",17.7962492112268,461.634642036896,7.9,0.1,0,41.9200885503336
"972",18.3531652651121,472.963835224476,7,0.1,0,45.5964095910663
"973",16.4225563156983,2210.98251336613,6.8,0.3,0.1,36.8893185450239
"974",17.7896073900948,1473.40398329212,5.1,0.2,0,44.3590675339498
"975",17.291250451366,3386.48513556891,7.3,0.4,0.3,41.7614979593971
"976",18.7247820354676,267.87056062676,7.9,0,0,46.1174315820263
"977",17.2340386526741,1199.40553365734,6.9,0.1,0.1,39.7321408170892
"978",16.527971696242,1744.84607643391,7.6,0.3,0.1,37.5351557980068
"979",18.3065991743892,220.964365587435,6.8,0,0,44.6448759645268
"980",16.0636694135763,1879.81065095629,7,0.2,0.1,35.5749384070161
"981",17.8358981475017,639.685485978808,6.6,0.2,0,42.3700684293325
"982",19.2177724731151,434.354033127251,8.8,0.1,0,49.6441752991554
"983",17.0693913002033,1371.00453566344,4.6,0.1,0.1,39.850690650563
"984",17.5203714084604,319.726096905649,9.4,0,0,39.3258877655727
"985",18.3070933105649,402.818172234622,7.6,0.1,0,46.5471459266702
"986",18.1723112674262,275.712349662799,8,0,0,43.3100937411263
"987",18.7143179222318,282.593582528847,8.1,0,0,47.0431538633151
"988",16.6632762004683,253.391094224459,7.8,0,0,36.8767374492991
"989",14.9339711090037,1644.21638116343,5,0.1,0,34.4104388242972
"990",17.4474230871041,253.416832769035,7.5,0,0,39.3367018643386
"991",16.7660506692878,2735.29249872944,6.3,0.2,0,40.6158934466769
"992",18.375879417245,285.874842227827,8.4,0,0,45.0965976609909
"993",16.8615231869375,943.861986110364,7.5,0.1,0.1,38.0158200439233
"994",16.7746882256571,1656.9314574578,6,0.2,0.2,37.9401744518976
"995",15.9789598036142,1654.68897147579,4.6,0.1,0,36.0194753852486
"996",18.133101432147,271.346324300388,7.9,0,0,45.355252271979
"997",16.6256739728848,1167.40337232871,7.4,0.1,0.1,36.1929288555272
"998",15.217686574179,2963.91597917614,6.2,0.2,0,35.0641584497892
"999",18.6142516546799,304.762796973703,9.2,0,0,47.3086343142421
"1000",17.9751257399724,482.976644572396,7.4,0.1,0,43.5380002403755
